[
    {
        "id" : 1,
        "name" : "Kurti",
        "imageUrl" : "https://res.cloudinary.com/dosckylqx/image/upload/v1706599354/Bazaart_20240129_083955_628_hm1duk.png"
    },
    {
        "id" : 2,
        "name" : "Tops",
        "imageUrl" : "https://res.cloudinary.com/dosckylqx/image/upload/v1706599353/Bazaart_20240129_084009_941_rroxpk.png"
    },
    {
        "id" : 3,
        "name" : "Western wear",
        "imageUrl" : "https://res.cloudinary.com/dosckylqx/image/upload/v1706599352/Bazaart_20240129_084030_228_hmkc3m.png"
    },
    {
        "id" : 4,
        "name" : "Blouse",
        "imageUrl" : "https://res.cloudinary.com/dosckylqx/image/upload/v1706599352/Bazaart_20240129_084107_178_sf41us.png"
    },
    {
        "id" : 5,
        "name" : "Kids Frock",
        "imageUrl" : "https://res.cloudinary.com/dosckylqx/image/upload/v1706599359/Bazaart_20240129_084050_269_cqx8oa.png"
    },
    {
        "id" : 6,
        "name" : "Lehanga",
        "imageUrl" : "https://res.cloudinary.com/dosckylqx/image/upload/v1706599363/Bazaart_20240129_083657_347_kt1ad8.png"
    },
    {
        "id" : 7,
        "name" : "Frock",
        "imageUrl" : "https://res.cloudinary.com/dosckylqx/image/upload/v1706599366/Bazaart_20240129_083849_270_fp7eut.png"
    },
    {
        "id" : 8,
        "name" : "Indo Western",
        "imageUrl" : "https://res.cloudinary.com/dosckylqx/image/upload/v1706599359/Bazaart_20240129_083939_545_mowf2v.png"
    },
    {
        "id" : 9,
        "name" : "Jumpsuit",
        "imageUrl" : "https://res.cloudinary.com/dosckylqx/image/upload/v1706599360/Bazaart_20240129_083802_923_ljcjb6.png"
    },
    {
        "id" : 10,
        "name" : "Embroidery",
        "imageUrl" : "https://res.cloudinary.com/dosckylqx/image/upload/v1701278368/Snapinsta.app_289940872_2216909758459284_4876426278303560386_n_1080_jecpbu.jpg"
    }
]